name;description;ordre
4c8b2c9d-0ad2-45a7-82a7-972e53535d16;camarade de manière à afin que;si
88277542-1a12-4ea7-841a-645904e68415;mature toc;porte-parole
f675d2bb-2893-463c-9db6-5f2973def477;entre;parlementaire
ca92e3ea-f727-4d7b-b89f-007c1ff16089;sombre subito;verger
b3c79bd5-7135-45c6-802a-03181bd0cd65;si bien que vlan;diététiste snob toutefois
b8fda7e2-5104-4ab5-b216-8487fbc93184;membre titulaire;au cas où pourvu que
d3f3fb25-1e04-4d8c-850b-225e34200ef9;séculaire calculer splendide;aïe quitte à nier
527a0e60-9526-40db-b5cf-304afef7084e;spécialiste chef de cuisine;tomber passablement
61aaa469-0b59-4301-b4b9-70e1bdbe3353;vroum de crainte que incliner;méconnaître touriste à seule fin de
d25938cf-456f-4e16-8d9c-bf90573c62bd;ronron;si cot cot
