id;nom;prenom;telephone;cni;photo;actif;date_naissance;musique;discussion;cigarette;alcool;animaux;conducteur;passager
1;miam;avant que gratis;0451664968;parlementaire exagérer;en decà de;infiniment volontiers équipe;2025-05-19;afin que;actionnaire raide de façon que;au-dedans de;tisser;rire avaler;immense désormais;commissionnaire chut glouglou
2;de façon à;quant à;0603934738;où hirsute;clientèle porte-parole;joliment;2025-05-18;ah pourvu que;à côté de sous couleur de glouglou;mélancolique publier sombrer;retarder triathlète;blablabla;quant à;membre à vie pin-pon employer
3;complètement chef;étant donné que rectangulaire ding;+33 116913434;presque éteindre;à force de discerner;électorat;2025-05-18;vroum;jusque;assez;complètement;même si;lorsque au-dehors;extra
4;bof euh plus;euh athlète mince;0229647952;chanter dense;couvrir suffisamment;vu que comme à cause de;2025-05-18;distribuer sauvage;rectangulaire rose dring;membre de l’équipe;caractériser de sorte que énorme;mal alors que main-d’œuvre;sympathique;reparaître ôter
5;sous couleur de quoique ouch;à force de déjà par;+33 517527814;si de oh;communauté étudiante super snif;bientôt;2025-05-19;sauvage;avant;hier;capter aussitôt;hé;paf;touriste aimable réussir
6;espérer que très;à côté de lentement;+33 172793931;passablement;fourbe fonctionnaire cot cot;dériver administration paf;2025-05-18;naguère;absolument de façon à;vlan actionnaire;disperser espiègle;conseil municipal extrêmement;avant pendant que;magnifique virer
7;à travers vroum spécialiste;parfois maigre extatique;0232969023;accélérer extra simple;près environ dense;étant donné que par rapport à;2025-05-19;autrefois sous quasi;confronter;clac électorat;dans;lors de;rassembler dynamique hystérique;assez établir
8;vouh;de façon à snob;0581261973;chut géométrique;atchoum;parce que puis dedans;2025-05-19;célébrer;autoriser;effectuer;croâ gens;pointer;au-dedans de;au cas où ferme impromptu
9;apparaître ding prout;en plus de;+33 531640161;combattre;même si tandis que lors;de la part de dedans;2025-05-18;diététiste;percevoir tendre suffisamment;autour de rectorat;équipe de recherche quasiment athlète;guère avant que blablabla;à l'égard de quelque;abuser
10;cyan;virer;+33 403038576;encore;chez jusqu’à ce que sans que;dans la mesure où;2025-05-18;dériver maigre;émouvoir;dans la mesure où;blesser badaboum maigre;du moment que crier en vérité;neutre;bien que a alors
